day,time,name,lat,lng,depth,m
2016/04/16,0:21:50,熊本県熊本地方,32.669,130.751,-10,2.8
2016/04/16,0:25:52,熊本県熊本地方,32.669,130.751,-10,2.2
2016/04/16,1:05:42,熊本県熊本地方,32.703,130.801,-15,3.3
2016/04/16,1:13:19,熊本県熊本地方,32.751,130.802,-8,2.3
2016/04/16,1:25:05,熊本県熊本地方,32.751,130.752,-12,7.3
2016/04/16,1:26:53,熊本県熊本地方,32.653,130.718,-10,4.7
2016/04/16,1:28:00,熊本県熊本地方,32.668,130.717,-13,4.4
2016/04/16,1:29:11,熊本県熊本地方,32.734,130.753,-10,4.6
2016/04/16,1:30:08,熊本県熊本地方,32.835,130.801,-13,4.4
2016/04/16,1:30:52,熊本県熊本地方,32.636,130.701,-11,5.3
2016/04/16,1:32:04,熊本県阿蘇地方,32.934,130.985,-12,3.9
2016/04/16,1:33:21,熊本県熊本地方,32.819,130.818,-12,4.6
2016/04/16,1:34:25,熊本県熊本地方,32.867,130.869,-9,4.3
2016/04/16,1:35:55,大分県中部,33.267,131.335,-9,3.7
2016/04/16,1:36:32,熊本県熊本地方,32.701,130.75,-11,3.4
2016/04/16,1:36:33,大分県北部,33.319,131.334,-11,2.5
2016/04/16,1:36:50,熊本県熊本地方,32.667,130.717,-13,4.1
2016/04/16,1:38:07,大分県中部,33.285,131.451,-6,3.2
2016/04/16,1:38:22,熊本県熊本地方,32.735,130.751,-13,4.5
2016/04/16,1:39:35,大分県中部,33.268,131.367,-12,3.6
2016/04/16,1:39:43,熊本県阿蘇地方,32.951,131.102,-8,4
2016/04/16,1:40:58,大分県中部,33.201,131.3,-6,2.9
2016/04/16,1:41:18,熊本県熊本地方,32.667,130.717,-12,3.8
2016/04/16,1:41:57,熊本県阿蘇地方,32.902,131.001,-8,3.6
2016/04/16,1:42:36,大分県中部,33.268,131.351,-9,3.1
2016/04/16,1:42:59,熊本県阿蘇地方,32.936,131.101,-10,3
2016/04/16,1:43:09,熊本県熊本地方,32.786,130.834,-13,3.9
2016/04/16,1:43:35,大分県中部,33.234,131.319,-9,3.3
2016/04/16,1:44:07,熊本県熊本地方,32.75,130.752,-15,5.4
2016/04/16,1:44:49,熊本県熊本地方,32.652,130.701,-13,4.3
2016/04/16,1:45:28,熊本県阿蘇地方,32.934,131.084,-9,3.9
2016/04/16,1:45:55,熊本県熊本地方,32.852,130.886,-11,5.9
2016/04/16,1:47:25,熊本県阿蘇地方,32.95,131.086,-9,3.6
2016/04/16,1:48:04,大分県中部,33.268,131.418,-3,不明
2016/04/16,1:48:44,熊本県熊本地方,32.684,130.734,-13,3.6
2016/04/16,1:48:50,大分県中部,33.251,131.367,-10,3.2
2016/04/16,1:49:27,熊本県熊本地方,32.868,130.902,-14,3.5
2016/04/16,1:49:44,大分県中部,33.268,131.368,-10,3.1
2016/04/16,1:50:46,大分県中部,33.284,131.501,-10,2.6
2016/04/16,1:50:52,熊本県熊本地方,32.685,130.735,-10,3.5
2016/04/16,1:51:48,熊本県熊本地方,32.802,130.836,-4,3.9
2016/04/16,1:52:03,大分県中部,33.235,131.368,-9,3.3
2016/04/16,1:52:49,大分県中部,33.267,131.367,-8,2.9
2016/04/16,1:53:04,熊本県阿蘇地方,32.952,131.052,-10,3.3
2016/04/16,1:53:36,熊本県熊本地方,32.718,130.735,-16,3.8
2016/04/16,1:53:37,大分県中部,33.285,131.501,-8,2.6
2016/04/16,1:54:07,大分県中部,33.268,131.368,-9,2.8
2016/04/16,1:54:36,熊本県熊本地方,32.651,130.702,-13,3.1
2016/04/16,1:54:51,大分県中部,33.317,131.469,-8,2.6
2016/04/16,1:54:54,熊本県阿蘇地方,32.951,131.102,-11,3.2
2016/04/16,1:55:23,熊本県阿蘇地方,32.935,131.085,-9,2.9
2016/04/16,1:56:13,大分県中部,33.284,131.45,-4,3
2016/04/16,1:56:14,熊本県熊本地方,32.785,130.786,-12,4.6
2016/04/16,1:56:28,大分県中部,33.253,131.402,-3,2.9
2016/04/16,1:57:04,熊本県阿蘇地方,32.969,131.101,-12,3.9
2016/04/16,1:57:33,熊本県熊本地方,32.735,130.751,-10,3.4
2016/04/16,1:57:51,大分県中部,33.285,131.45,-6,3
2016/04/16,1:58:16,熊本県熊本地方,32.669,130.734,-10,4.2
2016/04/16,1:58:21,大分県中部,33.267,131.385,-8,2.8
2016/04/16,1:59:09,熊本県熊本地方,32.667,130.686,-14,3.9
2016/04/16,2:00:32,大分県中部,33.268,131.451,-8,2.2
2016/04/16,2:00:55,熊本県熊本地方,32.868,130.868,-12,3.1
2016/04/16,2:01:01,大分県中部,33.268,131.418,-4,2.3
2016/04/16,2:01:08,熊本県阿蘇地方,32.903,131.001,-8,3.2
2016/04/16,2:01:46,熊本県阿蘇地方,32.95,131.1,-10,3.3
2016/04/16,2:02:23,大分県中部,33.267,131.334,-7,3.2
2016/04/16,2:02:48,熊本県熊本地方,32.719,130.733,-16,3.7
2016/04/16,2:03:11,大分県中部,33.267,131.367,-5,3.1
2016/04/16,2:04:05,熊本県阿蘇地方,32.951,131.103,-8,2.7
2016/04/16,2:04:11,熊本県熊本地方,32.735,130.734,-12,4.9
2016/04/16,2:05:13,熊本県熊本地方,32.767,130.752,-12,2.9
2016/04/16,2:06:23,大分県西部,33.101,131.186,-4,3.6
2016/04/16,2:07:10,熊本県阿蘇地方,32.933,131.051,-7,3.7
2016/04/16,2:07:48,大分県中部,33.302,131.452,-5,2.5
2016/04/16,2:07:51,熊本県熊本地方,32.867,130.884,-12,2.9
2016/04/16,2:08:07,熊本県熊本地方,32.718,130.784,-6,3.3
2016/04/16,2:09:20,熊本県熊本地方,32.734,130.767,-16,3.2
2016/04/16,2:09:36,熊本県阿蘇地方,32.95,131.068,-10,3.8
2016/04/16,2:09:54,熊本県熊本地方,32.701,130.736,-10,3.4
2016/04/16,2:10:18,熊本県阿蘇地方,32.951,131.068,-6,2.1
2016/04/16,2:10:30,熊本県熊本地方,32.668,130.733,-12,3.1
2016/04/16,2:10:48,熊本県熊本地方,32.868,130.852,-12,3.3
2016/04/16,2:11:00,熊本県阿蘇地方,32.952,131.085,-11,3
2016/04/16,2:11:23,熊本県阿蘇地方,33.053,131.169,-10,2.5
2016/04/16,2:11:46,熊本県阿蘇地方,32.951,131.101,-11,3.1
2016/04/16,2:11:49,大分県中部,33.253,131.367,-7,2.3
2016/04/16,2:11:48,熊本県熊本地方,32.685,130.718,-14,3.3
2016/04/16,2:12:38,熊本県熊本地方,32.667,130.717,-13,3.6
2016/04/16,2:13:59,熊本県阿蘇地方,32.953,131.068,-11,2.7
2016/04/16,2:14:12,大分県中部,33.268,131.334,-10,3.1
2016/04/16,2:14:17,熊本県熊本地方,32.735,130.767,-14,4
2016/04/16,2:15:11,熊本県熊本地方,32.7,130.75,-10,3.4
2016/04/16,2:15:28,大分県中部,33.268,131.319,-8,2.5
2016/04/16,2:15:36,熊本県阿蘇地方,32.986,131.018,-7,3.2
2016/04/16,2:16:25,熊本県阿蘇地方,32.951,131.101,-8,3.4
2016/04/16,2:17:13,熊本県熊本地方,32.751,130.753,-13,3.7
2016/04/16,2:17:20,大分県中部,33.236,131.383,-12,3.6
2016/04/16,2:17:37,熊本県阿蘇地方,32.968,131.1,-5,3.1
2016/04/16,2:17:55,熊本県熊本地方,32.851,130.851,-11,3.8
2016/04/16,2:18:29,大分県中部,33.234,131.351,-9,3.1
2016/04/16,2:19:07,熊本県熊本地方,32.668,130.685,-15,2.9
2016/04/16,2:19:10,熊本県阿蘇地方,32.951,131.1,-12,2.7
2016/04/16,2:19:57,熊本県阿蘇地方,33.067,131.168,-10,2.6
2016/04/16,2:20:59,熊本県熊本地方,32.801,130.836,-9,3.5
2016/04/16,2:21:11,大分県中部,33.285,131.368,-10,3
2016/04/16,2:21:39,熊本県熊本地方,32.834,130.819,-13,3.2
2016/04/16,2:21:56,大分県中部,33.284,131.468,-7,2.2
2016/04/16,2:22:19,大分県中部,33.235,131.336,-9,2.8
2016/04/16,2:23:06,熊本県熊本地方,32.734,130.751,-11,2.8
2016/04/16,2:23:18,熊本県阿蘇地方,32.951,131.086,-10,3.2
2016/04/16,2:23:32,有明海,32.751,130.602,-13,2.8
2016/04/16,2:23:37,大分県西部,33.118,131.185,-5,3
2016/04/16,2:23:42,大分県中部,33.285,131.45,-5,2.6
2016/04/16,2:23:57,熊本県阿蘇地方,32.935,131.069,-10,3.1
2016/04/16,2:24:29,大分県中部,33.268,131.369,-8,2.2
2016/04/16,2:24:51,熊本県阿蘇地方,32.952,131.084,-11,2.5
2016/04/16,2:24:59,熊本県熊本地方,32.818,130.868,-13,3.1
2016/04/16,2:25:10,大分県西部,33.118,131.184,-6,2.8
2016/04/16,2:25:51,大分県中部,33.235,131.368,-9,3.1
2016/04/16,2:26:52,熊本県阿蘇地方,33.002,131.169,0,2.7
2016/04/16,2:27:02,大分県中部,33.251,131.369,-7,3.7
2016/04/16,2:27:20,熊本県熊本地方,32.636,130.702,-10,2.7
2016/04/16,2:28:11,熊本県阿蘇地方,32.953,131.083,-12,2.6
2016/04/16,2:28:24,大分県中部,33.268,131.435,-7,1.9
2016/04/16,2:28:39,熊本県熊本地方,32.768,130.803,-7,3
2016/04/16,2:29:04,大分県中部,33.252,131.367,-8,3.7
2016/04/16,2:29:31,熊本県熊本地方,32.784,130.801,-11,3.3
2016/04/16,2:30:22,熊本県熊本地方,32.818,130.801,-14,2.9
2016/04/16,2:30:49,熊本県熊本地方,32.867,130.834,-14,3.5
2016/04/16,2:31:15,熊本県熊本地方,32.751,130.75,-17,3.6
2016/04/16,2:31:38,熊本県熊本地方,32.786,130.834,-8,2.8
2016/04/16,2:32:12,大分県中部,33.251,131.384,-8,2.7
2016/04/16,2:32:26,熊本県熊本地方,32.819,130.884,-11,3.4
2016/04/16,2:32:43,大分県中部,33.301,131.452,-4,2.1
2016/04/16,2:32:59,大分県中部,33.286,131.434,-3,2.7
2016/04/16,2:33:01,熊本県熊本地方,32.835,130.801,-15,3.2
2016/04/16,2:33:34,熊本県熊本地方,32.7,130.719,-15,2.5
2016/04/16,2:33:52,大分県中部,33.286,131.452,-7,3.4
2016/04/16,2:34:14,大分県中部,33.268,131.401,-9,3.2
2016/04/16,2:34:20,熊本県熊本地方,32.669,130.75,-12,3.2
2016/04/16,2:34:31,熊本県阿蘇地方,32.967,131.1,-8,3.3
2016/04/16,2:34:54,熊本県熊本地方,32.734,130.751,-13,3.9
2016/04/16,2:35:24,熊本県阿蘇地方,32.967,131.085,-11,3.3
2016/04/16,2:35:36,熊本県熊本地方,32.784,130.769,-14,3.5
2016/04/16,2:35:37,大分県中部,33.269,131.335,-7,3.1
2016/04/16,2:35:59,熊本県阿蘇地方,32.903,131.035,-11,2.6
2016/04/16,2:36:49,熊本県熊本地方,32.819,130.834,-13,3.8
2016/04/16,2:37:27,大分県中部,33.268,131.35,-7,3.2
2016/04/16,2:38:03,熊本県熊本地方,32.785,130.785,-12,2.8
2016/04/16,2:38:32,熊本県阿蘇地方,32.919,131.084,-8,2.8
2016/04/16,2:38:49,大分県中部,33.301,131.434,-3,1.5
2016/04/16,2:38:55,熊本県熊本地方,32.719,130.769,-10,2.4
2016/04/16,2:39:19,熊本県熊本地方,32.785,130.784,-13,2.4
2016/04/16,2:39:26,大分県中部,33.251,131.301,-6,2.3
2016/04/16,2:40:12,熊本県阿蘇地方,32.969,131.1,-11,2.2
2016/04/16,2:40:19,熊本県熊本地方,32.667,130.734,-10,2.2
2016/04/16,2:40:55,熊本県熊本地方,32.686,130.718,-10,2.9
2016/04/16,2:41:19,熊本県熊本地方,32.669,130.751,-11,3.6
2016/04/16,2:41:25,大分県中部,33.268,131.368,-9,2
2016/04/16,2:41:42,熊本県阿蘇地方,33.001,131.051,-12,2.9
2016/04/16,2:42:12,熊本県熊本地方,32.836,130.869,-7,2.5
2016/04/16,2:42:23,大分県中部,33.301,131.435,-3,2.8
2016/04/16,2:43:02,熊本県熊本地方,32.686,130.768,-9,3
2016/04/16,2:43:07,大分県中部,33.268,131.401,-8,1.9
2016/04/16,2:44:45,熊本県阿蘇地方,32.967,131.084,-10,2.2
2016/04/16,2:45:00,熊本県熊本地方,32.785,130.784,-12,2.7
2016/04/16,2:45:25,熊本県阿蘇地方,33.118,131.168,-7,3.7
2016/04/16,2:45:39,熊本県熊本地方,32.752,130.768,-10,3.1
2016/04/16,2:46:35,大分県中部,33.3,131.469,-5,1.6
2016/04/16,2:47:19,熊本県熊本地方,32.868,130.868,-12,2.9
2016/04/16,2:48:16,熊本県阿蘇地方,32.952,131.068,-12,2
2016/04/16,2:49:01,熊本県阿蘇地方,32.952,131.101,-12,2.2
2016/04/16,2:49:06,熊本県熊本地方,32.983,130.851,-14,2.4
2016/04/16,2:49:17,大分県中部,33.301,131.436,-3,3.9
2016/04/16,2:49:27,熊本県熊本地方,32.684,130.719,-14,2.8
2016/04/16,2:50:30,大分県中部,33.267,131.352,-10,2.9
2016/04/16,2:50:52,熊本県阿蘇地方,32.935,131.051,-11,2.7
2016/04/16,2:51:10,熊本県熊本地方,32.751,130.753,-10,2.1
2016/04/16,2:51:21,大分県中部,33.3,131.436,-4,2.9
2016/04/16,2:51:48,熊本県阿蘇地方,32.918,131.05,-5,1.8
2016/04/16,2:52:45,熊本県熊本地方,32.684,130.734,-14,2.8
2016/04/16,2:52:46,大分県中部,33.268,131.318,-8,3.4
2016/04/16,2:53:36,熊本県熊本地方,32.833,130.885,-13,2.6
2016/04/16,2:54:24,大分県中部,33.268,131.452,-2,1.6
2016/04/16,2:54:51,熊本県熊本地方,32.702,130.767,-10,2.9
2016/04/16,2:56:05,熊本県阿蘇地方,33.068,131.168,-11,2.8
2016/04/16,2:56:48,大分県中部,33.3,131.434,-4,2.6
2016/04/16,2:56:47,熊本県熊本地方,32.669,130.719,-9,2.7
2016/04/16,2:56:58,熊本県阿蘇地方,32.918,130.986,-10,2.6
2016/04/16,2:57:17,熊本県阿蘇地方,32.95,131.068,-10,3.3
2016/04/16,2:58:05,熊本県熊本地方,32.717,130.736,-13,2.3
2016/04/16,2:58:54,熊本県熊本地方,32.702,130.769,-10,2.6
2016/04/16,2:59:20,熊本県熊本地方,32.735,130.8,-9,2.7
2016/04/16,2:59:31,熊本県阿蘇地方,32.951,131.086,-11,2.2
2016/04/16,2:59:59,熊本県熊本地方,32.733,130.767,-12,3.4
2016/04/16,3:01:25,大分県中部,33.267,131.402,-4,1.7
2016/04/16,3:01:27,熊本県熊本地方,32.853,130.884,-10,2.2
2016/04/16,3:01:43,熊本県阿蘇地方,33.067,131.167,-11,2.5
2016/04/16,3:01:52,熊本県阿蘇地方,32.951,131.083,-9,2.7
2016/04/16,3:01:55,熊本県熊本地方,32.752,130.769,-10,2.6
2016/04/16,3:03:11,熊本県阿蘇地方,32.952,131.084,-7,5.9
2016/04/16,3:04:34,大分県中部,33.253,131.401,-5,不明
2016/04/16,3:04:33,熊本県阿蘇地方,32.968,131.067,-10,3.7
2016/04/16,3:05:21,大分県中部,33.269,131.45,-4,不明
2016/04/16,3:06:14,熊本県阿蘇地方,32.952,131.084,-10,3.3
2016/04/16,3:06:48,熊本県熊本地方,32.769,130.768,-12,2.9
2016/04/16,3:06:53,大分県中部,33.286,131.418,-4,3.5
2016/04/16,3:07:08,熊本県阿蘇地方,32.967,131.101,-7,3.6
2016/04/16,3:07:46,大分県中部,33.3,131.433,-4,2.6
2016/04/16,3:08:06,熊本県阿蘇地方,32.952,131.101,-10,2.8
2016/04/16,3:08:38,大分県中部,33.301,131.436,-4,3.5
2016/04/16,3:08:47,熊本県熊本地方,32.768,130.802,-12,不明
2016/04/16,3:09:30,熊本県阿蘇地方,32.967,131.084,-10,4.2
2016/04/16,3:10:14,熊本県熊本地方,32.786,130.753,-16,2.3
2016/04/16,3:10:19,熊本県阿蘇地方,32.952,131.085,-9,4.1
2016/04/16,3:10:22,大分県中部,33.267,131.369,-5,3.6
2016/04/16,3:10:57,熊本県熊本地方,32.668,130.718,-13,3.4
2016/04/16,3:11:23,熊本県熊本地方,32.736,130.802,-8,3.1
2016/04/16,3:11:43,大分県中部,33.3,131.434,-4,2.1
2016/04/16,3:11:52,熊本県熊本地方,32.685,130.736,-8,2
2016/04/16,3:11:59,熊本県阿蘇地方,32.984,131.1,-13,2.7
2016/04/16,3:12:29,熊本県阿蘇地方,32.9,130.984,-8,3.5
2016/04/16,3:13:06,大分県中部,33.268,131.401,-8,2.6
2016/04/16,3:13:11,熊本県熊本地方,32.818,130.869,-12,3.5
2016/04/16,3:13:37,熊本県阿蘇地方,32.952,131.068,-8,3.5
2016/04/16,3:14:12,熊本県熊本地方,32.786,130.784,-11,不明
2016/04/16,3:14:13,熊本県阿蘇地方,32.968,131.052,-11,3.6
2016/04/16,3:14:46,熊本県熊本地方,32.719,130.784,-8,2.5
2016/04/16,3:14:49,熊本県阿蘇地方,32.968,131.084,-9,3.2
2016/04/16,3:15:02,熊本県熊本地方,32.667,130.751,-10,3
2016/04/16,3:15:53,大分県中部,33.3,131.435,-3,2.9
2016/04/16,3:16:40,熊本県阿蘇地方,32.968,131.1,-10,4.2
2016/04/16,3:17:06,熊本県阿蘇地方,32.951,131.069,-10,3
2016/04/16,3:17:22,熊本県熊本地方,32.786,130.817,-10,2.7
2016/04/16,3:17:54,熊本県阿蘇地方,32.968,131.101,-11,3.1
2016/04/16,3:18:32,熊本県熊本地方,32.734,130.768,-15,2.4
2016/04/16,3:18:36,熊本県阿蘇地方,32.983,131.118,-11,2.9
2016/04/16,3:19:16,大分県中部,33.285,131.451,-5,1.5
2016/04/16,3:19:50,熊本県熊本地方,32.834,130.869,-11,2.2
2016/04/16,3:20:24,熊本県阿蘇地方,32.968,131.068,-10,3
2016/04/16,3:20:48,大分県西部,33.118,131.183,-8,3.8
2016/04/16,3:21:26,熊本県熊本地方,32.734,130.767,-12,2.7
2016/04/16,3:22:02,熊本県阿蘇地方,32.984,131.1,-12,2.4
2016/04/16,3:22:29,熊本県阿蘇地方,32.952,131.084,-12,2.4
2016/04/16,3:22:41,大分県中部,33.284,131.451,-6,1.7
2016/04/16,3:22:55,熊本県熊本地方,32.635,130.717,-7,2.2
2016/04/16,3:23:25,大分県中部,33.301,131.419,-2,2.2
2016/04/16,3:24:17,熊本県阿蘇地方,32.952,131.068,-11,2.5
2016/04/16,3:24:35,大分県中部,33.3,131.467,-4,2.1
2016/04/16,3:25:18,熊本県熊本地方,32.769,130.768,-12,2.4
2016/04/16,3:26:49,大分県中部,33.284,131.469,-8,2.4
2016/04/16,3:26:52,熊本県阿蘇地方,32.95,131.068,-10,4
2016/04/16,3:27:31,熊本県熊本地方,32.8,130.817,-12,3.2
2016/04/16,3:27:45,熊本県阿蘇地方,32.984,131.085,-7,不明
2016/04/16,3:28:26,熊本県阿蘇地方,33,131.135,-11,3
2016/04/16,3:29:01,大分県中部,33.251,131.353,-8,2.9
2016/04/16,3:29:08,熊本県熊本地方,32.801,130.802,-13,2.5
2016/04/16,3:29:42,熊本県熊本地方,32.701,130.701,-12,2.5
2016/04/16,3:30:16,熊本県熊本地方,32.834,130.852,-11,2.7
2016/04/16,3:31:46,熊本県熊本地方,32.767,130.769,-11,2.7
2016/04/16,3:32:17,大分県中部,33.286,131.469,-5,2.5
2016/04/16,3:32:41,熊本県阿蘇地方,32.969,131.085,-11,3.8
2016/04/16,3:33:23,大分県中部,33.301,131.467,-3,2.3
2016/04/16,3:34:05,熊本県熊本地方,32.701,130.735,-12,2.1
2016/04/16,3:35:20,熊本県阿蘇地方,32.951,131.069,-8,2.3
2016/04/16,3:35:34,熊本県熊本地方,32.669,130.734,-10,2.3
2016/04/16,3:35:42,熊本県阿蘇地方,33.067,131.169,-11,3.1
2016/04/16,3:36:18,熊本県阿蘇地方,32.935,131.052,-11,3.2
2016/04/16,3:36:29,大分県中部,33.269,131.384,-9,2.2
2016/04/16,3:36:36,熊本県阿蘇地方,32.884,130.984,-7,不明
2016/04/16,3:36:47,熊本県阿蘇地方,33.018,131.184,-12,3.4
2016/04/16,3:36:51,大分県中部,33.3,131.483,-5,1.6
2016/04/16,3:37:19,熊本県阿蘇地方,32.936,131.052,-9,2.6
2016/04/16,3:37:59,熊本県熊本地方,32.751,130.7,-5,2.9
2016/04/16,3:39:14,熊本県熊本地方,32.669,130.719,-13,3.1
2016/04/16,3:39:56,熊本県熊本地方,32.769,130.769,-11,2.5
2016/04/16,3:40:20,大分県中部,33.284,131.467,-6,1.9
2016/04/16,3:40:21,熊本県熊本地方,32.818,130.801,-14,2.6
2016/04/16,3:40:34,熊本県阿蘇地方,32.968,131.067,-11,2.4
2016/04/16,3:41:15,大分県中部,33.301,131.502,0,1.9
2016/04/16,3:41:31,熊本県阿蘇地方,32.952,131.101,-9,2.6
2016/04/16,3:41:58,熊本県熊本地方,32.718,130.751,-11,2.2
2016/04/16,3:42:06,熊本県阿蘇地方,32.969,131.068,-11,2.1
2016/04/16,3:42:18,熊本県熊本地方,32.768,130.769,-12,2.7
2016/04/16,3:42:30,大分県中部,33.301,131.5,-4,1.5
2016/04/16,3:43:43,熊本県熊本地方,32.768,130.734,-9,3
2016/04/16,3:43:43,熊本県阿蘇地方,32.968,131.067,-9,3.3
2016/04/16,3:43:56,大分県中部,33.267,131.319,-9,2.8
2016/04/16,3:44:57,熊本県熊本地方,32.685,130.769,-9,3.6
2016/04/16,3:45:43,熊本県熊本地方,32.835,130.851,-11,2.8
2016/04/16,3:46:17,熊本県熊本地方,32.668,130.718,-11,2.3
2016/04/16,3:46:22,大分県中部,33.285,131.484,-7,2
2016/04/16,3:46:38,熊本県熊本地方,32.801,130.819,-10,2.5
2016/04/16,3:47:34,熊本県熊本地方,32.684,130.735,-13,2.7
2016/04/16,3:47:58,大分県西部,33.103,131.217,-4,3.2
2016/04/16,3:48:31,熊本県阿蘇地方,32.935,131.052,-11,2.8
2016/04/16,3:48:46,熊本県熊本地方,32.834,130.884,-13,3.3
2016/04/16,3:49:10,熊本県阿蘇地方,32.968,131.101,-10,2.7
2016/04/16,3:49:49,熊本県熊本地方,32.718,130.752,-9,2.1
2016/04/16,3:52:02,熊本県熊本地方,32.736,130.784,-11,3.5
2016/04/16,3:52:25,熊本県熊本地方,32.669,130.734,-12,3.7
2016/04/16,3:52:58,大分県中部,33.268,131.401,-10,2.4
2016/04/16,3:53:11,熊本県熊本地方,32.768,130.752,-11,2.9
2016/04/16,3:54:29,熊本県熊本地方,32.669,130.718,-14,2.7
2016/04/16,3:54:41,熊本県熊本地方,32.486,130.602,-10,2.7
2016/04/16,3:54:58,熊本県阿蘇地方,32.968,131.085,-11,3.2
2016/04/16,3:55:53,熊本県阿蘇地方,33.018,131.184,-11,5.8
2016/04/16,3:57:27,熊本県阿蘇地方,33.019,131.184,-13,4.3
2016/04/16,3:58:28,熊本県阿蘇地方,33.019,131.186,-10,3
2016/04/16,3:59:19,熊本県熊本地方,32.533,130.635,-9,3.2
2016/04/16,3:59:25,大分県中部,33.284,131.452,-8,2.4
2016/04/16,3:59:55,熊本県阿蘇地方,33.033,131.201,-10,3.2
2016/04/16,4:00:11,熊本県熊本地方,32.668,130.735,-4,2.5
2016/04/16,4:00:42,熊本県阿蘇地方,33.018,131.183,-9,3.2
2016/04/16,4:00:52,大分県中部,33.3,131.467,-3,不明
2016/04/16,4:00:52,熊本県阿蘇地方,33.018,131.184,-11,4.1
2016/04/16,4:01:41,熊本県熊本地方,32.867,130.902,-13,3
2016/04/16,4:01:57,熊本県阿蘇地方,33.118,131.168,-8,3.9
2016/04/16,4:02:41,熊本県阿蘇地方,33.118,131.168,-8,3.2
2016/04/16,4:02:51,熊本県阿蘇地方,32.935,131.1,-9,2.9
2016/04/16,4:03:22,熊本県熊本地方,32.653,130.702,-14,2.9
2016/04/16,4:03:40,熊本県阿蘇地方,33.001,131.151,-10,2.6
2016/04/16,4:04:06,大分県中部,33.268,131.368,-6,3.2
2016/04/16,4:04:40,大分県中部,33.285,131.435,-4,不明
2016/04/16,4:05:18,熊本県阿蘇地方,32.985,131.118,-11,2.5
2016/04/16,4:05:49,熊本県熊本地方,32.786,130.802,-12,4
2016/04/16,4:06:33,熊本県熊本地方,32.751,130.753,-13,2.8
2016/04/16,4:06:46,熊本県熊本地方,32.803,130.868,-8,2.7
2016/04/16,4:07:06,熊本県阿蘇地方,32.951,131.117,-11,3.7
2016/04/16,4:07:48,熊本県阿蘇地方,33.001,131.168,-6,2.9
2016/04/16,4:08:50,熊本県熊本地方,32.767,130.653,-11,2.4
2016/04/16,4:08:51,熊本県阿蘇地方,32.935,131.067,-8,3.1
2016/04/16,4:09:27,熊本県阿蘇地方,33.003,131.168,-12,4.1
2016/04/16,4:10:22,熊本県阿蘇地方,33.003,131.169,-13,3.2
2016/04/16,4:10:32,熊本県熊本地方,32.7,130.736,-9,2.7
2016/04/16,4:10:56,熊本県阿蘇地方,32.968,131.102,-10,2.7
2016/04/16,4:11:01,熊本県熊本地方,32.718,130.75,-12,2.6
2016/04/16,4:11:53,熊本県熊本地方,32.735,130.783,-9,3.3
2016/04/16,4:12:01,大分県中部,33.234,131.318,-10,2.8
2016/04/16,4:12:40,熊本県熊本地方,32.701,130.769,-8,2.5
2016/04/16,4:13:42,大分県中部,33.253,131.367,-8,2
2016/04/16,4:13:51,熊本県阿蘇地方,32.969,131.069,-12,2.9
2016/04/16,4:14:08,熊本県熊本地方,32.684,130.752,-9,2.7
2016/04/16,4:14:26,熊本県阿蘇地方,32.968,131.101,-10,3.1
2016/04/16,4:15:05,熊本県熊本地方,32.768,130.767,-13,3.5
2016/04/16,4:15:07,熊本県阿蘇地方,32.967,131.117,-9,3.4
2016/04/16,4:15:13,大分県中部,33.285,131.385,-7,3.7
2016/04/16,4:15:36,大分県西部,33.103,131.185,-4,3.1
2016/04/16,4:16:08,熊本県阿蘇地方,33.034,131.185,-11,2.8
2016/04/16,4:16:11,熊本県熊本地方,32.702,130.767,-8,2.4
2016/04/16,4:16:37,熊本県熊本地方,32.868,130.918,-5,2.7
2016/04/16,4:17:16,熊本県熊本地方,32.753,130.767,-14,3.4
2016/04/16,4:17:21,熊本県阿蘇地方,32.967,131.084,-12,2.9
2016/04/16,4:18:15,熊本県阿蘇地方,33.017,131.134,-10,4.2
2016/04/16,4:19:30,熊本県熊本地方,32.767,130.767,-9,3
2016/04/16,4:20:37,熊本県阿蘇地方,33.018,131.134,-8,3
2016/04/16,4:20:57,熊本県熊本地方,32.586,130.651,-8,2
2016/04/16,4:21:19,大分県中部,33.252,131.352,-11,3
2016/04/16,4:21:34,熊本県阿蘇地方,32.968,131.069,-11,2.6
2016/04/16,4:21:51,熊本県熊本地方,32.669,130.734,-12,2.3
2016/04/16,4:22:16,熊本県熊本地方,32.817,130.818,-12,2.6
2016/04/16,4:23:18,熊本県阿蘇地方,33.034,131.186,-10,4.2
2016/04/16,4:24:06,熊本県熊本地方,32.836,130.883,-9,3.1
2016/04/16,4:24:26,熊本県阿蘇地方,32.969,131.068,-12,4.6
2016/04/16,4:26:49,大分県中部,33.3,131.435,-4,2.7
2016/04/16,4:27:15,熊本県阿蘇地方,32.952,131.1,-9,2.6
2016/04/16,4:27:33,大分県中部,33.285,131.367,-9,2.5
2016/04/16,4:27:35,熊本県熊本地方,32.836,130.885,-9,2.4
2016/04/16,4:27:47,熊本県阿蘇地方,33.019,131.183,-6,2.3
2016/04/16,4:28:35,熊本県熊本地方,32.636,130.718,-9,3.9
2016/04/16,4:29:07,熊本県熊本地方,32.668,130.718,-9,3.2
2016/04/16,4:29:24,熊本県熊本地方,32.684,130.75,-7,2.8
2016/04/16,4:29:37,熊本県阿蘇地方,32.918,131.067,-9,3.3
2016/04/16,4:29:47,大分県中部,33.268,131.334,-8,2.3
2016/04/16,4:29:57,熊本県熊本地方,32.833,130.833,-9,2.5
2016/04/16,4:30:35,大分県中部,33.3,131.501,-8,3.4
2016/04/16,4:30:47,熊本県阿蘇地方,32.968,131.084,-13,2.5
2016/04/16,4:31:15,熊本県阿蘇地方,32.983,131.102,-10,2.4
2016/04/16,4:32:19,熊本県熊本地方,32.784,130.767,-16,3.3
2016/04/16,4:33:24,熊本県阿蘇地方,32.969,131.1,-11,2.8
2016/04/16,4:34:20,熊本県阿蘇地方,32.969,131.068,-12,3
2016/04/16,4:34:24,熊本県熊本地方,32.786,130.835,-6,3.4
2016/04/16,4:34:47,熊本県阿蘇地方,33.019,131.184,-12,3.6
2016/04/16,4:35:12,熊本県阿蘇地方,33.019,131.185,-12,3.1
2016/04/16,4:35:53,熊本県熊本地方,32.719,130.769,-10,2.8
2016/04/16,4:36:16,熊本県熊本地方,32.683,130.719,-12,2.5
2016/04/16,4:36:41,熊本県熊本地方,32.867,130.884,-11,2
2016/04/16,4:37:17,熊本県阿蘇地方,32.953,131.086,-4,2.5
2016/04/16,4:37:19,熊本県熊本地方,32.736,130.734,-12,2.6
2016/04/16,4:37:48,熊本県阿蘇地方,33.052,131.135,-11,2.9
2016/04/16,4:38:58,大分県中部,33.267,131.385,-5,2.4
2016/04/16,4:40:03,熊本県阿蘇地方,32.969,131.052,-11,2.1
2016/04/16,4:40:29,大分県中部,33.269,131.335,-6,2.2
2016/04/16,4:40:33,熊本県熊本地方,32.733,130.617,-7,2.8
2016/04/16,4:40:43,大分県中部,33.303,131.467,-4,1.8
2016/04/16,4:42:05,熊本県熊本地方,32.685,130.734,-13,3.4
2016/04/16,4:42:23,熊本県熊本地方,32.834,130.884,-10,3
2016/04/16,4:42:34,大分県中部,33.268,131.351,-9,2.3
2016/04/16,4:43:22,熊本県阿蘇地方,33.018,131.184,-13,3
2016/04/16,4:43:56,熊本県熊本地方,32.651,130.703,-13,3.3
2016/04/16,4:44:23,熊本県熊本地方,32.785,130.719,-9,1.9
2016/04/16,4:44:33,大分県中部,33.269,131.318,-8,1.9
2016/04/16,4:44:51,大分県中部,33.267,131.367,-11,2.2
2016/04/16,4:45:26,熊本県阿蘇地方,33.001,131.201,-6,3
2016/04/16,4:46:57,熊本県阿蘇地方,32.969,131.05,-9,3
2016/04/16,4:46:58,熊本県熊本地方,32.667,130.702,-6,2.6
2016/04/16,4:47:07,熊本県阿蘇地方,33.102,131.152,-9,3.1
2016/04/16,4:48:54,熊本県阿蘇地方,33.019,131.184,-9,3.2
2016/04/16,4:49:46,熊本県熊本地方,32.668,130.702,-12,2.6
2016/04/16,4:50:03,熊本県阿蘇地方,33.067,131.118,-9,2.5
2016/04/16,4:50:31,熊本県阿蘇地方,33.001,131.134,-11,2.4
2016/04/16,4:50:39,大分県中部,33.3,131.485,-4,1.8
2016/04/16,4:51:25,熊本県熊本地方,32.751,130.75,-14,4.3
2016/04/16,4:52:07,熊本県熊本地方,32.717,130.718,-18,3.3
2016/04/16,4:52:33,熊本県熊本地方,32.786,130.818,-10,3
2016/04/16,4:53:22,熊本県熊本地方,32.867,130.868,-12,2.1
2016/04/16,4:53:23,大分県中部,33.252,131.334,-8,2
2016/04/16,4:53:50,熊本県阿蘇地方,32.968,131.069,-11,2.7
2016/04/16,4:54:31,熊本県熊本地方,32.669,130.669,-7,2.5
2016/04/16,4:54:32,熊本県阿蘇地方,33.017,131.086,-10,2.4
2016/04/16,4:54:48,熊本県阿蘇地方,33.019,131.186,-12,2.6
2016/04/16,4:55:11,熊本県阿蘇地方,32.968,131.069,-10,2.1
2016/04/16,4:55:47,大分県中部,33.284,131.367,-9,2.7
2016/04/16,4:56:14,熊本県熊本地方,32.767,130.75,-14,2.5
2016/04/16,4:57:54,熊本県阿蘇地方,33.018,131.153,-12,3.6
2016/04/16,4:58:35,熊本県阿蘇地方,32.952,131.035,-10,2.2
2016/04/16,4:58:43,熊本県熊本地方,32.668,130.703,-13,2.4
2016/04/16,4:58:45,熊本県阿蘇地方,32.984,131.086,-12,3.3
2016/04/16,4:58:54,大分県西部,33.201,131.269,-10,2.9
2016/04/16,4:58:55,熊本県熊本地方,32.735,130.752,-16,3.2
2016/04/16,4:59:53,熊本県阿蘇地方,32.967,131.085,-10,2.5
2016/04/16,5:00:05,大分県中部,33.284,131.468,-2,1.8
2016/04/16,5:01:14,大分県中部,33.302,131.451,-7,1.5
2016/04/16,5:01:40,熊本県阿蘇地方,32.968,131.083,-12,3.3
2016/04/16,5:03:06,熊本県熊本地方,32.735,130.769,-10,2.9
2016/04/16,5:03:12,伊予灘,33.334,131.535,-4,1.8
2016/04/16,5:04:16,熊本県熊本地方,32.702,130.785,-8,2.8
2016/04/16,5:05:20,熊本県熊本地方,32.684,130.818,-5,2.1
2016/04/16,5:05:26,熊本県熊本地方,32.852,130.869,-12,2.5
2016/04/16,5:05:53,熊本県熊本地方,32.667,130.717,-12,2.9
2016/04/16,5:06:16,大分県中部,33.268,131.351,-6,2.5
2016/04/16,5:06:49,熊本県熊本地方,32.852,130.9,-11,2.3
2016/04/16,5:06:58,熊本県阿蘇地方,32.984,131.086,-12,2.7
2016/04/16,5:07:50,熊本県熊本地方,32.736,130.751,-14,3
2016/04/16,5:07:59,熊本県阿蘇地方,32.952,131.053,-10,3.3
2016/04/16,5:09:30,熊本県熊本地方,32.833,130.817,-14,2.4
2016/04/16,5:09:39,大分県中部,33.252,131.351,-8,2
2016/04/16,5:09:56,熊本県熊本地方,32.684,130.683,-10,2.5
2016/04/16,5:11:14,熊本県熊本地方,32.819,130.835,-11,2.5
2016/04/16,5:11:59,熊本県阿蘇地方,33.119,131.168,-8,3.6
2016/04/16,5:12:41,熊本県熊本地方,32.785,130.768,-15,3.4
2016/04/16,5:14:58,熊本県熊本地方,32.65,130.717,-6,3.4
2016/04/16,5:15:30,大分県中部,33.236,131.368,-9,3.2
2016/04/16,5:16:12,大分県中部,33.3,131.467,-5,1.5
2016/04/16,5:16:13,熊本県阿蘇地方,32.969,131.103,-9,2.7
2016/04/16,5:16:42,熊本県阿蘇地方,33.019,131.184,-7,3.5
2016/04/16,5:17:21,大分県中部,33.268,131.368,-9,3
2016/04/16,5:19:03,熊本県熊本地方,32.851,130.868,-14,2.4
2016/04/16,5:19:22,熊本県阿蘇地方,33.118,131.167,-8,3.1
2016/04/16,5:20:41,熊本県熊本地方,32.783,130.768,-12,2.8
2016/04/16,5:20:48,大分県中部,33.286,131.484,-7,3.3
2016/04/16,5:20:55,熊本県阿蘇地方,32.9,131.019,-11,2.5
2016/04/16,5:22:37,熊本県熊本地方,32.652,130.718,-8,3.3
2016/04/16,5:22:56,大分県中部,33.285,131.468,-5,2
2016/04/16,5:23:48,熊本県熊本地方,32.784,130.768,-12,3.6
2016/04/16,5:23:51,大分県中部,33.318,131.453,-3,1.1
2016/04/16,5:25:42,熊本県熊本地方,32.652,130.702,-8,2.9
2016/04/16,5:25:57,熊本県阿蘇地方,32.951,131.084,-9,3
2016/04/16,5:27:24,熊本県熊本地方,32.75,130.751,-14,3.6
2016/04/16,5:28:53,大分県中部,33.269,131.336,-8,2.4
2016/04/16,5:29:10,熊本県阿蘇地方,32.967,131.117,-11,2.6
2016/04/16,5:29:34,熊本県熊本地方,32.735,130.667,-13,2.2
2016/04/16,5:29:52,大分県中部,33.267,131.368,-7,2.2
2016/04/16,5:29:54,熊本県熊本地方,32.751,130.8,-5,2.2
2016/04/16,5:30:56,熊本県熊本地方,32.834,130.852,-13,2.4
2016/04/16,5:31:45,熊本県熊本地方,32.818,130.801,-15,2.8
2016/04/16,5:33:16,熊本県阿蘇地方,33.118,131.168,-8,2.9
2016/04/16,5:34:14,熊本県熊本地方,32.535,130.702,-6,4.2
2016/04/16,5:36:07,熊本県阿蘇地方,32.951,131.068,-9,2.3
2016/04/16,5:36:17,熊本県熊本地方,32.702,130.769,-9,2.8
2016/04/16,5:36:55,熊本県熊本地方,32.867,130.835,-15,2.5
2016/04/16,5:37:03,大分県中部,33.317,131.468,-3,1.6
2016/04/16,5:37:26,熊本県阿蘇地方,33,131.102,-10,3.1
2016/04/16,5:37:36,熊本県熊本地方,32.703,130.769,-9,3.2
2016/04/16,5:39:00,大分県中部,33.285,131.383,-7,2.1
2016/04/16,5:39:27,熊本県熊本地方,32.8,130.718,-2,1.7
2016/04/16,5:40:43,熊本県阿蘇地方,32.986,131.102,-10,2.7
2016/04/16,5:41:28,大分県中部,33.251,131.351,-9,2.5
2016/04/16,5:42:59,熊本県阿蘇地方,32.967,131.002,-11,2.4
2016/04/16,5:43:23,熊本県熊本地方,32.768,130.768,-11,3.4
2016/04/16,5:44:49,熊本県熊本地方,32.717,130.767,-9,2.6
2016/04/16,5:48:02,熊本県熊本地方,32.852,130.902,-12,2.5
2016/04/16,5:49:28,大分県中部,33.235,131.334,-10,2
2016/04/16,5:49:38,熊本県熊本地方,32.703,130.768,-13,3.5
2016/04/16,5:50:46,熊本県熊本地方,32.634,130.718,-4,1.5
2016/04/16,5:52:51,熊本県阿蘇地方,33.002,131.151,-9,4.2
2016/04/16,5:54:14,大分県中部,33.235,131.384,-10,3.3
2016/04/16,5:55:13,熊本県阿蘇地方,32.953,131.101,-9,2.6
2016/04/16,5:55:21,大分県中部,33.252,131.367,-10,2.7
2016/04/16,5:56:42,大分県中部,33.269,131.383,-7,2.9
2016/04/16,5:57:03,熊本県阿蘇地方,33.033,131.2,-10,2.7
2016/04/16,5:57:35,熊本県熊本地方,32.636,130.734,-9,3.3
2016/04/16,5:58:27,大分県中部,33.251,131.368,-9,2.9
2016/04/16,5:58:44,熊本県熊本地方,32.668,130.734,-11,2.7
2016/04/16,5:58:57,熊本県阿蘇地方,32.95,131.083,-9,2.6
2016/04/16,5:59:45,熊本県阿蘇地方,33.018,131.168,-6,2.2
2016/04/16,6:00:38,大分県中部,33.268,131.335,-7,1.8
2016/04/16,6:02:52,熊本県阿蘇地方,32.952,131.102,-9,3.9
2016/04/16,6:03:40,大分県中部,33.283,131.334,-7,3
2016/04/16,6:04:45,熊本県阿蘇地方,32.967,131.1,-10,2.3
2016/04/16,6:04:57,大分県中部,33.252,131.319,-7,2
2016/04/16,6:05:08,熊本県熊本地方,32.652,130.703,-6,2
2016/04/16,6:06:23,大分県中部,33.234,131.384,-9,2.2
2016/04/16,6:09:08,熊本県熊本地方,32.669,130.703,-12,2.5
2016/04/16,6:09:55,熊本県阿蘇地方,32.952,131.084,-10,2.4
2016/04/16,6:10:33,熊本県熊本地方,32.769,130.768,-12,2.5
2016/04/16,6:10:47,熊本県阿蘇地方,32.918,131.067,-10,1.6
2016/04/16,6:11:28,熊本県阿蘇地方,33.053,131.135,-12,4.1
2016/04/16,6:12:42,熊本県阿蘇地方,32.933,131.051,-8,2.9
2016/04/16,6:12:55,熊本県熊本地方,32.701,130.769,-8,3.2
2016/04/16,6:13:39,熊本県阿蘇地方,33.067,131.135,-11,2.6
2016/04/16,6:14:00,熊本県熊本地方,32.835,130.867,-13,2.6
2016/04/16,6:14:35,熊本県阿蘇地方,33.053,131.136,-12,2.9
2016/04/16,6:14:56,熊本県熊本地方,32.786,130.769,-16,3.7
2016/04/16,6:17:02,熊本県熊本地方,32.702,130.751,-12,2.9
2016/04/16,6:18:31,熊本県熊本地方,32.719,130.767,-11,2.6
2016/04/16,6:18:44,熊本県阿蘇地方,32.935,131.067,-11,2.4
2016/04/16,6:20:00,熊本県阿蘇地方,33.001,131.134,-13,2.9
2016/04/16,6:20:12,熊本県熊本地方,32.751,130.735,-10,3
2016/04/16,6:21:29,大分県中部,33.267,131.35,-8,2.6
2016/04/16,6:22:30,大分県中部,33.251,131.367,-9,2.7
2016/04/16,6:22:47,熊本県熊本地方,32.836,130.834,-11,2.8
2016/04/16,6:24:03,熊本県阿蘇地方,32.984,131.067,-11,3.2
2016/04/16,6:25:12,大分県中部,33.284,131.351,-8,2.6
2016/04/16,6:26:17,熊本県熊本地方,32.669,130.734,-10,2.5
2016/04/16,6:26:52,熊本県熊本地方,32.7,130.735,-13,2.9
2016/04/16,6:27:24,熊本県熊本地方,32.668,130.734,-10,2.7
2016/04/16,6:28:31,熊本県阿蘇地方,33.018,131.184,-8,2.3
2016/04/16,6:28:43,熊本県熊本地方,32.786,130.801,-13,3.1
2016/04/16,6:29:52,熊本県熊本地方,32.767,130.719,-10,1.6
2016/04/16,6:30:03,大分県中部,33.284,131.451,-9,1.4
2016/04/16,6:31:02,熊本県阿蘇地方,33.117,131.169,-10,3.4
2016/04/16,6:32:09,熊本県熊本地方,32.669,130.736,-12,2.9
2016/04/16,6:32:24,熊本県熊本地方,32.834,130.867,-12,2.7
2016/04/16,6:32:36,熊本県阿蘇地方,32.984,131.068,-12,2.5
2016/04/16,6:33:06,熊本県熊本地方,32.701,130.753,-9,2.3
2016/04/16,6:33:41,熊本県熊本地方,32.852,130.85,-13,2.2
2016/04/16,6:34:27,熊本県熊本地方,32.653,130.718,-12,3.4
2016/04/16,6:35:04,大分県中部,33.284,131.401,-7,2.7
2016/04/16,6:35:47,熊本県熊本地方,32.769,130.734,-13,2.1
2016/04/16,6:35:57,熊本県阿蘇地方,32.95,131.067,-10,2.4
2016/04/16,6:37:02,熊本県熊本地方,32.834,130.852,-11,2.5
2016/04/16,6:37:23,大分県中部,33.286,131.486,-6,2
2016/04/16,6:39:01,熊本県熊本地方,32.668,130.717,-10,2.1
2016/04/16,6:39:48,熊本県熊本地方,32.635,130.701,-3,1.5
2016/04/16,6:39:59,熊本県阿蘇地方,32.985,131.085,-9,4.5
2016/04/16,6:41:17,熊本県熊本地方,32.718,130.769,-8,2.4
2016/04/16,6:42:44,熊本県熊本地方,32.636,130.684,-5,2
2016/04/16,6:43:26,熊本県熊本地方,32.852,130.85,-12,2.5
2016/04/16,6:44:14,熊本県阿蘇地方,33,131.101,-8,3.3
2016/04/16,6:44:58,大分県中部,33.25,131.368,-8,2.1
2016/04/16,6:45:50,大分県中部,33.285,131.468,-7,2.4
2016/04/16,6:46:18,熊本県阿蘇地方,32.969,131.068,-9,2.4
2016/04/16,6:50:20,大分県中部,33.268,131.368,-8,2.7
2016/04/16,6:51:30,大分県中部,33.267,131.352,-9,3.2
2016/04/16,6:52:44,熊本県熊本地方,32.65,130.719,-4,2.1
2016/04/16,6:53:05,熊本県阿蘇地方,32.903,131.069,-8,1.5
2016/04/16,6:54:22,熊本県阿蘇地方,32.95,131.051,-10,2.4
2016/04/16,6:54:36,大分県中部,33.268,131.367,-7,2.6
2016/04/16,6:54:59,大分県中部,33.285,131.468,-7,1.4
2016/04/16,6:55:39,熊本県阿蘇地方,32.984,131.084,-10,2.8
2016/04/16,6:56:14,大分県中部,33.268,131.383,-8,2.4
2016/04/16,6:57:39,大分県中部,33.253,131.319,-10,2.8
2016/04/16,6:57:43,大分県西部,33.119,131.184,-10,3.3
2016/04/16,6:58:48,熊本県阿蘇地方,32.969,131.1,-8,2.1
2016/04/16,6:59:19,大分県中部,33.284,131.434,-2,1.8
2016/04/16,6:59:57,熊本県阿蘇地方,32.951,131.05,-9,2
2016/04/16,7:00:29,熊本県熊本地方,32.717,130.751,-13,2.4
2016/04/16,7:01:21,熊本県阿蘇地方,32.968,131.101,-11,3.8
2016/04/16,7:02:26,熊本県阿蘇地方,32.984,131.084,-9,2.1
2016/04/16,7:03:07,大分県中部,33.251,131.335,-10,2.2
2016/04/16,7:03:07,熊本県熊本地方,32.767,130.768,-15,3
2016/04/16,7:04:25,熊本県熊本地方,32.669,130.736,-11,3.1
2016/04/16,7:04:27,大分県中部,33.286,131.484,-6,3.1
2016/04/16,7:05:45,大分県中部,33.284,131.468,-6,1.5
2016/04/16,7:06:14,熊本県阿蘇地方,32.951,131.117,-10,3.5
2016/04/16,7:06:45,熊本県熊本地方,32.669,130.717,-13,2.7
2016/04/16,7:07:42,大分県中部,33.285,131.468,-7,1.7
2016/04/16,7:07:46,熊本県阿蘇地方,33.052,131.15,-11,2.8
2016/04/16,7:08:31,熊本県熊本地方,32.684,130.703,-14,3
2016/04/16,7:09:49,熊本県阿蘇地方,32.967,131.068,-10,2.7
2016/04/16,7:10:02,大分県中部,33.252,131.367,-8,2.6
2016/04/16,7:10:25,熊本県熊本地方,32.686,130.702,-17,3.1
2016/04/16,7:11:37,大分県中部,33.267,131.385,-6,5.4
2016/04/16,7:12:46,熊本県阿蘇地方,32.934,131.101,-10,2.8
2016/04/16,7:13:09,大分県中部,33.253,131.369,-10,2.9
2016/04/16,7:13:13,熊本県熊本地方,32.683,130.703,-11,2.4
2016/04/16,7:13:30,熊本県熊本地方,32.451,130.602,-11,3.2
2016/04/16,7:14:00,大分県中部,33.269,131.402,-8,2.8
2016/04/16,7:14:35,熊本県熊本地方,32.684,130.75,-11,2.3
2016/04/16,7:14:42,大分県中部,33.286,131.468,-3,2.7
2016/04/16,7:15:22,熊本県阿蘇地方,33.035,131.201,-7,2.5
2016/04/16,7:15:34,大分県中部,33.269,131.417,-7,3.2
2016/04/16,7:16:07,熊本県熊本地方,32.734,130.685,-9,1.8
2016/04/16,7:16:07,大分県中部,33.269,131.351,-9,2.5
2016/04/16,7:16:49,熊本県熊本地方,32.769,130.769,-13,2.7
2016/04/16,7:16:54,大分県中部,33.267,131.369,-6,2.1
2016/04/16,7:17:34,大分県中部,33.269,131.433,-6,2.7
2016/04/16,7:18:15,大分県中部,33.269,131.403,-9,2.2
2016/04/16,7:21:37,大分県中部,33.286,131.452,-4,3.2
2016/04/16,7:21:57,熊本県熊本地方,32.769,130.751,-14,2.4
2016/04/16,7:22:23,大分県中部,33.285,131.45,-4,3.2
2016/04/16,7:22:54,大分県中部,33.269,131.418,-3,3.1
2016/04/16,7:23:54,熊本県熊本地方,32.784,130.768,-12,4.8
2016/04/16,7:25:08,大分県中部,33.269,131.418,-5,2.7
2016/04/16,7:25:11,熊本県阿蘇地方,32.918,131.035,-6,2.4
2016/04/16,7:25:15,熊本県熊本地方,32.652,130.718,-7,不明
2016/04/16,7:25:45,熊本県熊本地方,32.702,130.734,-13,2.8
2016/04/16,7:26:19,熊本県阿蘇地方,33,131.218,-7,2.6
2016/04/16,7:27:32,大分県中部,33.284,131.434,-6,2.9
2016/04/16,7:28:07,熊本県熊本地方,32.65,130.702,-6,2.9
2016/04/16,7:28:17,大分県中部,33.267,131.335,-8,2.8
2016/04/16,7:29:05,熊本県阿蘇地方,33.119,131.168,-7,2.7
2016/04/16,7:29:55,大分県中部,33.269,131.419,-4,3.4
2016/04/16,7:29:56,熊本県熊本地方,32.869,130.952,-10,2.8
2016/04/16,7:30:28,熊本県熊本地方,32.734,130.767,-12,2.3
2016/04/16,7:31:01,熊本県阿蘇地方,32.984,131.018,-10,2.2
2016/04/16,7:31:15,大分県中部,33.284,131.385,-8,2.6
2016/04/16,7:31:37,大分県中部,33.284,131.401,-6,2.5
2016/04/16,7:33:25,大分県中部,33.269,131.386,-8,2.5
2016/04/16,7:35:01,熊本県阿蘇地方,32.852,131.119,-3,2.6
2016/04/16,7:37:50,熊本県熊本地方,32.734,130.767,-11,2.6
2016/04/16,7:38:21,熊本県阿蘇地方,33.118,131.168,-6,2.7
2016/04/16,7:39:12,熊本県熊本地方,32.717,130.769,-10,2.8
2016/04/16,7:40:11,熊本県阿蘇地方,33,131.103,-9,1.9
2016/04/16,7:40:43,熊本県熊本地方,32.768,130.768,-13,2.6
2016/04/16,7:40:55,大分県中部,33.267,131.4,-4,2.7
2016/04/16,7:41:02,熊本県阿蘇地方,32.969,131.101,-10,2.3
2016/04/16,7:42:33,熊本県熊本地方,32.768,130.735,-11,4.2
2016/04/16,7:43:19,熊本県阿蘇地方,32.933,131.052,-9,3.1
2016/04/16,7:43:58,大分県中部,33.268,131.385,-7,2.5
2016/04/16,7:44:48,大分県中部,33.317,131.467,-9,1.9
2016/04/16,7:45:53,熊本県熊本地方,32.769,130.735,-11,2.4
2016/04/16,7:47:58,熊本県阿蘇地方,32.968,131.085,-10,2.4
2016/04/16,7:48:13,大分県中部,33.25,131.334,-7,2.5
2016/04/16,7:48:45,大分県中部,33.283,131.451,-4,1.5
2016/04/16,7:49:26,熊本県阿蘇地方,32.967,131.101,-10,3.6
2016/04/16,7:50:42,熊本県阿蘇地方,33.002,131.153,-7,2.9
2016/04/16,7:52:48,熊本県熊本地方,32.736,130.752,-13,2.3
2016/04/16,7:53:09,大分県中部,33.301,131.452,-4,1.6
2016/04/16,7:53:22,熊本県阿蘇地方,32.968,131.068,-9,2.4
2016/04/16,7:54:09,熊本県阿蘇地方,33,131.102,-10,3.3
2016/04/16,7:55:00,大分県中部,33.268,131.336,-7,2.7
2016/04/16,7:56:06,熊本県阿蘇地方,32.902,131.05,-7,2.1
2016/04/16,7:57:21,熊本県熊本地方,32.619,130.734,-5,3.9
2016/04/16,7:58:20,熊本県阿蘇地方,32.952,131.051,-11,2.4
2016/04/16,7:58:40,熊本県熊本地方,32.668,130.701,-14,2.6
2016/04/16,7:58:46,大分県中部,33.317,131.401,-7,3.2
2016/04/16,7:58:47,熊本県阿蘇地方,33.017,131.168,-7,3
2016/04/16,7:59:03,熊本県熊本地方,32.834,130.867,-10,2.7
2016/04/16,8:00:04,熊本県熊本地方,32.851,130.884,-13,2.1
2016/04/16,8:00:58,大分県中部,33.285,131.485,-9,2.2
2016/04/16,8:01:08,熊本県熊本地方,32.75,130.785,-7,2
2016/04/16,8:01:30,大分県中部,33.251,131.369,-4,1.9
2016/04/16,8:02:30,大分県中部,33.269,131.434,-3,2.5
2016/04/16,8:02:48,熊本県熊本地方,32.652,130.717,-10,3.8
2016/04/16,8:03:18,熊本県阿蘇地方,33.002,131.153,-6,2.6
2016/04/16,8:04:12,熊本県熊本地方,32.718,130.785,-17,2.7
2016/04/16,8:04:38,熊本県熊本地方,32.669,130.717,-15,3
2016/04/16,8:05:23,熊本県熊本地方,32.884,130.901,-14,2.5
2016/04/16,8:05:25,大分県中部,33.269,131.383,-6,2
2016/04/16,8:06:33,熊本県熊本地方,32.834,130.835,-11,2.1
2016/04/16,8:08:33,大分県中部,33.268,131.385,-9,2.6
2016/04/16,8:08:51,熊本県熊本地方,32.851,130.85,-11,3.9
2016/04/16,8:11:04,大分県中部,33.286,131.468,-5,1.5
2016/04/16,8:11:14,熊本県熊本地方,32.651,130.702,-5,1.7
2016/04/16,8:12:40,熊本県熊本地方,32.702,130.702,-11,2.1
2016/04/16,8:13:34,大分県中部,33.285,131.467,-6,2.3
2016/04/16,8:13:50,熊本県阿蘇地方,32.935,131.068,-7,2.7
2016/04/16,8:16:09,熊本県阿蘇地方,32.967,131.084,-10,2.2
2016/04/16,8:20:05,大分県中部,33.285,131.467,-7,3.2
2016/04/16,8:20:42,熊本県熊本地方,32.7,130.669,-12,4.6
2016/04/16,8:22:03,熊本県阿蘇地方,32.969,131.085,-8,3.3
2016/04/16,8:22:29,熊本県熊本地方,32.784,130.8,-10,3.1
2016/04/16,8:23:36,大分県中部,33.286,131.501,-6,3.1
2016/04/16,8:24:08,熊本県熊本地方,32.818,130.8,-14,2.9
2016/04/16,8:24:33,大分県中部,33.284,131.45,-6,1.8
2016/04/16,8:26:14,熊本県熊本地方,32.869,130.885,-13,2.7
2016/04/16,8:26:47,熊本県熊本地方,32.669,130.768,-7,2.6
2016/04/16,8:27:00,大分県中部,33.269,131.384,-7,3.7
2016/04/16,8:29:07,熊本県熊本地方,32.835,130.867,-11,2.5
2016/04/16,8:30:59,大分県中部,33.283,131.452,-6,1.4
2016/04/16,8:31:30,熊本県熊本地方,32.651,130.734,-4,2.3
2016/04/16,8:32:02,熊本県阿蘇地方,32.968,131.086,-11,2.8
2016/04/16,8:32:31,熊本県熊本地方,32.636,130.719,-9,3.1
2016/04/16,8:35:31,大分県中部,33.235,131.319,-9,2
2016/04/16,8:36:51,熊本県熊本地方,32.817,130.818,-12,2.3
2016/04/16,8:38:06,大分県中部,33.268,131.384,-7,2.3
2016/04/16,8:38:50,熊本県熊本地方,32.452,130.602,-11,2.9
2016/04/16,8:39:02,熊本県熊本地方,32.684,130.734,-14,3
2016/04/16,8:43:01,熊本県熊本地方,32.769,130.735,-11,2.6
2016/04/16,8:43:21,熊本県阿蘇地方,32.968,131.101,-9,2.7
2016/04/16,8:45:33,熊本県阿蘇地方,32.984,131.084,-11,2.9
2016/04/16,8:45:48,熊本県熊本地方,32.734,130.753,-13,3.1
2016/04/16,8:47:46,熊本県熊本地方,32.852,130.851,-15,2.2
2016/04/16,8:49:15,熊本県熊本地方,32.784,130.768,-11,2.8
2016/04/16,8:50:22,熊本県熊本地方,32.635,130.669,-10,3
2016/04/16,8:51:44,熊本県熊本地方,32.868,130.884,-11,1.9
2016/04/16,8:52:33,熊本県熊本地方,32.768,130.817,-12,2.3
2016/04/16,8:54:01,熊本県熊本地方,32.702,130.701,-12,2.3
2016/04/16,8:55:45,大分県中部,33.3,131.351,-9,2.7
2016/04/16,8:57:11,熊本県熊本地方,32.652,130.735,-4,2.1
2016/04/16,8:57:30,熊本県熊本地方,32.635,130.717,-7,2.6
2016/04/16,8:58:07,熊本県阿蘇地方,32.935,131.103,-8,2.3
2016/04/16,8:58:40,熊本県熊本地方,32.652,130.719,-9,2.4
2016/04/16,8:59:09,熊本県阿蘇地方,32.984,131.102,-8,2.5
2016/04/16,9:00:08,熊本県熊本地方,32.65,130.734,-8,2.4
2016/04/16,9:00:20,熊本県熊本地方,32.702,130.718,-11,2.2
2016/04/16,9:00:51,熊本県熊本地方,32.767,130.785,-11,2.4
2016/04/16,9:01:55,熊本県熊本地方,32.685,130.719,-14,2.9
2016/04/16,9:02:24,熊本県熊本地方,32.719,130.717,-10,2.2
2016/04/16,9:02:33,大分県中部,33.286,131.469,-6,2.4
2016/04/16,9:02:44,熊本県熊本地方,32.684,130.685,-4,2.3
2016/04/16,9:03:20,熊本県熊本地方,32.801,130.734,-8,2
2016/04/16,9:05:06,熊本県熊本地方,32.785,130.718,-1,1.6
2016/04/16,9:06:18,大分県中部,33.267,131.417,-4,2.4
2016/04/16,9:08:51,熊本県熊本地方,32.784,130.786,-12,2.8
2016/04/16,9:09:42,熊本県熊本地方,32.701,130.752,-11,2.5
2016/04/16,9:11:57,熊本県阿蘇地方,32.935,131.036,-11,2.9
2016/04/16,9:12:47,熊本県熊本地方,32.834,130.851,-13,2.7
2016/04/16,9:14:04,大分県中部,33.268,131.402,-7,2.6
2016/04/16,9:15:20,熊本県熊本地方,32.736,130.717,-11,2.1
2016/04/16,9:16:28,熊本県熊本地方,32.535,130.65,-7,4.5
2016/04/16,9:17:50,熊本県熊本地方,32.75,130.735,-15,2.7
2016/04/16,9:18:26,熊本県阿蘇地方,32.985,131.102,-9,3.9
2016/04/16,9:19:20,大分県中部,33.234,131.318,-8,2.7
2016/04/16,9:24:11,大分県中部,33.284,131.452,-3,2.2
2016/04/16,9:24:36,熊本県阿蘇地方,32.986,131.102,-10,2.5
2016/04/16,9:24:51,熊本県熊本地方,32.834,130.885,-12,2.3
2016/04/16,9:26:25,熊本県阿蘇地方,33.018,131.184,-8,3.4
2016/04/16,9:27:12,熊本県熊本地方,32.634,130.718,-9,2.2
2016/04/16,9:28:11,熊本県熊本地方,32.75,130.719,-12,3.4
2016/04/16,9:29:20,大分県西部,33.119,131.233,-4,2.3
2016/04/16,9:29:43,大分県中部,33.251,131.352,-10,1.8
2016/04/16,9:31:13,熊本県熊本地方,32.635,130.702,-7,3
2016/04/16,9:32:18,大分県中部,33.268,131.384,-7,1.9
2016/04/16,9:32:34,熊本県熊本地方,32.667,130.735,-9,2.3
2016/04/16,9:34:32,熊本県阿蘇地方,32.968,131.084,-8,2.5
2016/04/16,9:35:18,熊本県熊本地方,32.752,130.719,-9,2.8
2016/04/16,9:39:36,熊本県熊本地方,32.651,130.703,-7,2.1
2016/04/16,9:41:33,熊本県熊本地方,32.834,130.885,-10,2.6
2016/04/16,9:42:10,熊本県熊本地方,32.75,130.719,-13,3
2016/04/16,9:43:24,大分県中部,33.285,131.368,-9,3.3
2016/04/16,9:44:26,大分県中部,33.285,131.368,-9,2.5
2016/04/16,9:45:30,大分県中部,33.252,131.367,-9,2.4
2016/04/16,9:45:35,熊本県熊本地方,32.818,130.868,-9,2.3
2016/04/16,9:47:00,大分県中部,33.269,131.368,-8,2
2016/04/16,9:48:33,熊本県熊本地方,32.836,130.834,-16,5.4
2016/04/16,9:50:06,熊本県熊本地方,32.85,130.819,-15,4.5
2016/04/16,9:51:28,熊本県熊本地方,32.669,130.735,-12,不明
2016/04/16,9:52:34,熊本県阿蘇地方,32.969,131.086,-10,2.2
2016/04/16,9:53:37,熊本県熊本地方,32.852,130.818,-13,3.6
2016/04/16,9:54:23,熊本県熊本地方,32.85,130.834,-13,不明
2016/04/16,9:55:28,熊本県熊本地方,32.851,130.833,-15,2.2
2016/04/16,9:56:32,熊本県熊本地方,32.7,130.668,-12,3.6
2016/04/16,9:58:11,熊本県熊本地方,32.633,130.717,-6,3.5
2016/04/16,10:01:15,熊本県阿蘇地方,32.968,131.084,-8,2.3
2016/04/16,10:01:39,熊本県熊本地方,32.852,130.868,-14,2.7
2016/04/16,10:04:38,大分県中部,33.268,131.369,-11,2.8
2016/04/16,10:05:35,熊本県熊本地方,32.852,130.835,-15,2.7
2016/04/16,10:06:40,熊本県熊本地方,32.669,130.717,-15,3.1
2016/04/16,10:07:23,熊本県阿蘇地方,32.935,131.05,-8,2.3
2016/04/16,10:07:39,熊本県熊本地方,32.834,130.801,-14,2.4
2016/04/16,10:08:44,熊本県熊本地方,32.8,130.785,-13,2.8
2016/04/16,10:10:31,熊本県熊本地方,32.852,130.835,-14,2.2
2016/04/16,10:11:08,熊本県阿蘇地方,32.918,131.103,-6,2.5
2016/04/16,10:13:49,熊本県熊本地方,32.651,130.668,-10,3
2016/04/16,10:14:21,熊本県熊本地方,32.835,130.886,-12,2.8
2016/04/16,10:15:11,熊本県熊本地方,32.767,130.768,-13,2.6
2016/04/16,10:17:20,大分県中部,33.285,131.452,-7,2.4
2016/04/16,10:19:03,熊本県阿蘇地方,32.983,131.101,-11,2.7
2016/04/16,10:19:28,熊本県熊本地方,32.868,130.883,-15,2.4
2016/04/16,10:20:37,熊本県熊本地方,32.686,130.684,-11,2.1
2016/04/16,10:21:03,熊本県熊本地方,32.852,130.902,-12,2.3
2016/04/16,10:21:33,熊本県熊本地方,32.686,130.701,-13,2.7
2016/04/16,10:22:32,熊本県熊本地方,32.834,130.817,-15,2.4
2016/04/16,10:24:56,熊本県阿蘇地方,32.969,131.083,-11,3.2
2016/04/16,10:26:10,熊本県熊本地方,32.8,130.836,-11,3.8
2016/04/16,10:27:29,熊本県阿蘇地方,32.885,131.068,-5,2.3
2016/04/16,10:27:28,熊本県熊本地方,32.736,130.784,-10,2.5
2016/04/16,10:29:46,大分県中部,33.236,131.334,-9,2.4
2016/04/16,10:29:56,熊本県熊本地方,32.768,130.684,-7,1.7
2016/04/16,10:30:57,熊本県阿蘇地方,32.951,131.1,-8,2.8
2016/04/16,10:34:14,熊本県熊本地方,32.833,130.817,-15,2.6
2016/04/16,10:34:51,熊本県阿蘇地方,32.95,131.051,-7,2.5
2016/04/16,10:36:31,大分県中部,33.285,131.469,-8,2.4
2016/04/16,10:38:53,熊本県熊本地方,32.636,130.719,-10,4.5
2016/04/16,10:39:34,熊本県阿蘇地方,32.969,131.1,-10,3.9
2016/04/16,10:40:56,熊本県熊本地方,32.669,130.719,-11,2.4
2016/04/16,10:41:49,熊本県熊本地方,32.834,130.785,-13,2.1
2016/04/16,10:42:38,大分県中部,33.268,131.351,-10,2.2
2016/04/16,10:44:04,熊本県阿蘇地方,32.983,131.101,-8,2.4
2016/04/16,10:44:09,熊本県熊本地方,32.651,130.734,-9,2.6
2016/04/16,10:45:11,熊本県阿蘇地方,32.969,131.051,-9,3
2016/04/16,10:45:16,熊本県熊本地方,32.717,130.768,-10,3.1
2016/04/16,10:47:18,熊本県熊本地方,32.85,130.833,-15,2.4
2016/04/16,10:48:14,大分県中部,33.234,131.333,-11,2.3
2016/04/16,10:48:15,熊本県熊本地方,32.65,130.734,-9,2.9
2016/04/16,10:49:48,熊本県熊本地方,32.634,130.7,-7,1.8
2016/04/16,10:50:18,熊本県阿蘇地方,32.984,131.101,-11,2.6
2016/04/16,10:51:13,熊本県熊本地方,32.752,130.752,-18,3.6
2016/04/16,10:51:57,熊本県熊本地方,32.851,130.836,-13,2.7
2016/04/16,10:53:07,熊本県熊本地方,32.851,130.85,-15,2.8
2016/04/16,10:53:37,大分県中部,33.268,131.386,-7,2.3
2016/04/16,10:54:44,熊本県阿蘇地方,32.967,131.085,-11,2.4
2016/04/16,10:55:25,熊本県熊本地方,32.718,130.719,-15,3.7
2016/04/16,10:56:39,熊本県阿蘇地方,32.935,131.017,-10,2.4
2016/04/16,10:57:17,熊本県熊本地方,32.636,130.734,-8,2.1
2016/04/16,10:57:46,大分県中部,33.234,131.335,-9,2.1
2016/04/16,10:59:02,熊本県阿蘇地方,32.968,131.069,-9,3.1
2016/04/16,11:00:24,熊本県熊本地方,32.801,130.701,-2,1.7
2016/04/16,11:01:03,熊本県阿蘇地方,32.968,131.034,-11,2.7
2016/04/16,11:02:52,熊本県熊本地方,32.751,130.768,-15,4.4
2016/04/16,11:03:59,大分県中部,33.233,131.334,-8,不明
2016/04/16,11:04:46,熊本県熊本地方,32.717,130.767,-8,1.9
2016/04/16,11:04:50,熊本県阿蘇地方,32.952,131.084,-10,3.1
2016/04/16,11:06:45,熊本県熊本地方,32.85,130.868,-13,2.3
2016/04/16,11:06:58,熊本県熊本地方,32.768,130.734,-2,2.2
2016/04/16,11:08:19,熊本県熊本地方,32.717,130.769,-9,2
2016/04/16,11:10:29,熊本県阿蘇地方,32.969,131.086,-10,3.2
2016/04/16,11:15:01,熊本県熊本地方,32.836,130.885,-12,2.2
2016/04/16,11:16:32,熊本県阿蘇地方,33.002,131.117,-7,3
2016/04/16,11:18:23,熊本県阿蘇地方,32.967,131.083,-8,1.7
2016/04/16,11:18:30,大分県中部,33.269,131.45,0,2.4
2016/04/16,11:19:48,熊本県阿蘇地方,32.968,131.086,-8,2
2016/04/16,11:20:24,熊本県熊本地方,32.8,130.802,-9,2.3
2016/04/16,11:22:00,熊本県阿蘇地方,33.018,131.151,-8,3.6
2016/04/16,11:22:52,熊本県阿蘇地方,33.001,131.217,-8,3
2016/04/16,11:23:12,熊本県熊本地方,32.819,130.818,-12,2.9
2016/04/16,11:23:32,大分県中部,33.286,131.469,-5,1.9
2016/04/16,11:26:08,熊本県熊本地方,32.701,130.584,-7,1.5
2016/04/16,11:27:00,熊本県熊本地方,32.752,130.767,-12,2.2
2016/04/16,11:27:20,熊本県熊本地方,32.651,130.719,-7,2.6
2016/04/16,11:28:58,大分県中部,33.283,131.452,-1,3.2
2016/04/16,11:29:00,熊本県熊本地方,32.868,130.934,-10,2.9
2016/04/16,11:29:56,熊本県熊本地方,32.751,130.751,-16,2.5
2016/04/16,11:33:21,熊本県阿蘇地方,33.101,131.168,-9,2.5
2016/04/16,11:34:46,熊本県熊本地方,32.684,130.752,-11,1.8
2016/04/16,11:35:00,熊本県熊本地方,32.719,130.769,-12,2.6
2016/04/16,11:36:11,熊本県熊本地方,32.851,130.833,-15,2
2016/04/16,11:36:24,熊本県阿蘇地方,33,131.185,-6,2.7
2016/04/16,11:37:28,熊本県熊本地方,32.851,130.818,-16,2.3
2016/04/16,11:37:47,大分県中部,33.235,131.367,-9,2.5
2016/04/16,11:38:24,熊本県熊本地方,32.684,130.7,-16,3.9
2016/04/16,11:39:27,熊本県熊本地方,32.652,130.717,-6,2.4
2016/04/16,11:48:06,大分県中部,33.3,131.469,-5,1.6
2016/04/16,11:49:03,熊本県熊本地方,32.619,130.702,-5,2.8
2016/04/16,11:49:31,熊本県熊本地方,32.7,130.767,-9,2.7
2016/04/16,11:51:40,大分県中部,33.269,131.319,-8,1.8
2016/04/16,11:55:35,熊本県阿蘇地方,32.984,131.101,-11,3
2016/04/16,11:56:39,熊本県熊本地方,32.818,130.803,-16,3
2016/04/16,11:58:00,熊本県熊本地方,32.752,130.767,-13,2.4
2016/04/16,11:58:24,熊本県熊本地方,32.853,130.835,-14,2.5
2016/04/16,11:58:49,熊本県熊本地方,32.819,130.867,-10,2.3
2016/04/16,11:59:22,熊本県熊本地方,32.734,130.75,-12,2.7
2016/04/16,12:00:56,熊本県熊本地方,32.636,130.734,-8,2.3
2016/04/16,12:04:46,熊本県熊本地方,32.551,130.653,-8,2.4
2016/04/16,12:05:55,熊本県阿蘇地方,32.984,131.103,-10,3.1
2016/04/16,12:08:39,熊本県熊本地方,32.752,130.786,-11,2.3
2016/04/16,12:09:05,熊本県熊本地方,32.753,130.785,-11,2.5
2016/04/16,12:12:44,熊本県阿蘇地方,32.986,131.117,-10,3
2016/04/16,12:13:48,熊本県熊本地方,32.853,130.833,-15,2.4
2016/04/16,12:15:24,熊本県熊本地方,32.717,130.768,-11,2.4
2016/04/16,12:16:21,熊本県熊本地方,32.684,130.735,-12,2.6
2016/04/16,12:18:02,熊本県熊本地方,32.768,130.736,-12,2.5
2016/04/16,12:18:08,熊本県熊本地方,32.568,130.634,-9,3.1
2016/04/16,12:19:19,熊本県熊本地方,32.852,130.852,-17,2.8
2016/04/16,12:19:28,熊本県阿蘇地方,32.951,131.086,-9,2.5
2016/04/16,12:19:42,大分県中部,33.235,131.319,-10,2.1
2016/04/16,12:21:11,大分県中部,33.267,131.367,-9,2.6
2016/04/16,12:22:23,熊本県熊本地方,32.836,130.801,-15,2.5
2016/04/16,12:27:38,熊本県熊本地方,32.786,130.717,-7,1.9
2016/04/16,12:30:02,熊本県熊本地方,32.851,130.951,-11,3
2016/04/16,12:31:19,熊本県熊本地方,32.767,130.636,-12,2.4
2016/04/16,12:32:00,熊本県阿蘇地方,32.984,131.085,-7,2.4
2016/04/16,12:32:50,熊本県阿蘇地方,32.967,131.053,-9,3.2
2016/04/16,12:34:58,大分県中部,33.268,131.383,-10,3.4
2016/04/16,12:35:20,熊本県熊本地方,32.619,130.701,-5,2.3
2016/04/16,12:35:40,熊本県熊本地方,32.636,130.735,-7,2
2016/04/16,12:36:14,熊本県熊本地方,32.7,130.685,-13,2.9
2016/04/16,12:36:34,熊本県阿蘇地方,32.918,131.084,-8,2.9
2016/04/16,12:40:04,熊本県熊本地方,32.751,130.751,-13,2.4
2016/04/16,12:41:40,熊本県熊本地方,32.685,130.767,-8,2.9
2016/04/16,12:41:55,大分県中部,33.267,131.369,-6,2.7
2016/04/16,12:44:27,熊本県阿蘇地方,33.018,131.184,-7,2.7
2016/04/16,12:45:12,熊本県熊本地方,32.634,130.685,-7,1.9
2016/04/16,12:47:35,熊本県阿蘇地方,33.001,131.152,-10,3.1
2016/04/16,12:47:43,大分県中部,33.253,131.368,-8,2.5
2016/04/16,12:48:51,熊本県阿蘇地方,33.019,131.186,-6,3.8
2016/04/16,12:49:59,熊本県阿蘇地方,33.019,131.184,-5,3.6
2016/04/16,12:51:49,熊本県熊本地方,32.551,130.652,-8,2.9
2016/04/16,12:58:07,熊本県熊本地方,32.619,130.734,-5,1.5
2016/04/16,12:59:03,熊本県熊本地方,32.701,130.701,-12,2.6
2016/04/16,12:59:56,熊本県熊本地方,32.734,130.751,-14,3.7
2016/04/16,13:00:29,熊本県熊本地方,32.85,130.834,-13,2.7
2016/04/16,13:00:53,熊本県熊本地方,32.718,130.684,-13,3.1
2016/04/16,13:01:15,熊本県熊本地方,32.701,130.718,-12,2.3
2016/04/16,13:09:08,大分県中部,33.236,131.334,-10,1.8
2016/04/16,13:09:44,熊本県熊本地方,32.65,130.734,-10,3.7
2016/04/16,13:10:06,熊本県阿蘇地方,33.034,131.184,-4,3.3
2016/04/16,13:15:28,熊本県阿蘇地方,32.968,131.069,-9,3.4
2016/04/16,13:15:29,熊本県熊本地方,32.686,130.701,-18,3.9
2016/04/16,13:16:30,熊本県熊本地方,32.453,130.6,-7,2.4
2016/04/16,13:16:58,大分県中部,33.268,131.336,-9,3.1
2016/04/16,13:17:12,熊本県熊本地方,32.801,130.734,-9,3.6
2016/04/16,13:18:37,大分県中部,33.234,131.334,-9,2.9
2016/04/16,13:21:50,大分県中部,33.234,131.334,-9,2.7
2016/04/16,13:24:17,熊本県阿蘇地方,33.035,131.117,-5,3.5
2016/04/16,13:25:16,熊本県阿蘇地方,32.851,131.118,-6,2.1
2016/04/16,13:27:58,大分県中部,33.285,131.467,-6,1.9
2016/04/16,13:28:27,熊本県熊本地方,32.801,130.802,-12,2.2
2016/04/16,13:29:03,大分県中部,33.234,131.334,-9,3.1
2016/04/16,13:34:58,大分県中部,33.252,131.352,-10,3.1
2016/04/16,13:35:20,熊本県阿蘇地方,32.903,131.036,-7,2.3
2016/04/16,13:36:12,熊本県熊本地方,32.751,130.767,-14,2.4
2016/04/16,13:36:25,熊本県阿蘇地方,33.001,131.217,-8,2.8
2016/04/16,13:38:04,熊本県熊本地方,32.818,130.802,-12,2.3
2016/04/16,13:40:04,熊本県阿蘇地方,32.969,131.085,-8,2.6
2016/04/16,13:42:15,熊本県熊本地方,32.551,130.651,-10,2.7
2016/04/16,13:43:56,熊本県阿蘇地方,32.851,131.103,-1,2.2
2016/04/16,13:45:59,大分県中部,33.269,131.368,-9,2
2016/04/16,13:47:15,熊本県熊本地方,32.636,130.719,-10,2.5
2016/04/16,13:49:04,大分県中部,33.234,131.318,-8,2.5
2016/04/16,13:54:35,大分県中部,33.252,131.383,-7,2.1
2016/04/16,13:55:54,熊本県阿蘇地方,32.952,131.102,-11,2.1
2016/04/16,13:56:36,熊本県熊本地方,32.75,130.719,-13,2.6
2016/04/16,14:03:57,熊本県阿蘇地方,33.001,131.217,-9,4.6
2016/04/16,14:06:04,熊本県阿蘇地方,32.984,131.068,-10,2.6
2016/04/16,14:06:22,熊本県熊本地方,32.834,130.834,-13,2.6
2016/04/16,14:08:25,熊本県熊本地方,32.701,130.685,-12,2.5
2016/04/16,14:10:17,熊本県熊本地方,32.767,130.717,-5,1.6
2016/04/16,14:12:14,熊本県熊本地方,32.85,130.886,-12,2.1
2016/04/16,14:15:06,熊本県阿蘇地方,33.119,131.151,-6,3
2016/04/16,14:17:55,熊本県熊本地方,32.668,130.717,-13,3
2016/04/16,14:22:51,熊本県熊本地方,32.753,130.718,-8,2.2
2016/04/16,14:24:24,熊本県阿蘇地方,32.967,131.068,-8,2.5
2016/04/16,14:26:13,熊本県熊本地方,32.667,130.734,-6,2.3
2016/04/16,14:27:04,熊本県熊本地方,32.65,130.735,-8,4.6
2016/04/16,14:29:21,熊本県熊本地方,32.668,130.733,-10,3.1
2016/04/16,14:29:40,大分県中部,33.234,131.336,-10,3
2016/04/16,14:31:24,熊本県阿蘇地方,32.969,131.101,-10,2.3
2016/04/16,14:31:35,熊本県熊本地方,32.652,130.717,-8,3
2016/04/16,14:32:22,熊本県熊本地方,32.736,130.769,-10,3.5
2016/04/16,14:34:29,熊本県阿蘇地方,32.934,131.034,-10,2.4
2016/04/16,14:34:58,大分県中部,33.3,131.469,-5,1.4
2016/04/16,14:35:00,熊本県熊本地方,32.736,130.769,-9,2.4
2016/04/16,14:37:03,熊本県熊本地方,32.8,130.817,-12,2.9
2016/04/16,14:39:58,熊本県熊本地方,32.751,130.719,-12,2.2
2016/04/16,14:41:10,熊本県阿蘇地方,32.936,131.1,-9,2.6
2016/04/16,14:45:17,熊本県熊本地方,32.851,130.868,-11,1.9
2016/04/16,14:46:58,熊本県熊本地方,32.718,130.752,-12,3.8
2016/04/16,14:47:53,熊本県阿蘇地方,32.951,131.117,-10,1.7
2016/04/16,14:49:38,熊本県熊本地方,32.702,130.784,-6,2.2
2016/04/16,14:50:04,熊本県阿蘇地方,32.952,131.1,-10,2.3
2016/04/16,14:50:18,熊本県熊本地方,32.834,130.785,-14,2.6
2016/04/16,14:50:42,熊本県熊本地方,32.852,130.885,-11,2.2
2016/04/16,14:52:37,熊本県熊本地方,32.634,130.718,-4,1.9
2016/04/16,14:53:55,熊本県熊本地方,32.819,130.818,-16,2.6
2016/04/16,14:58:25,熊本県阿蘇地方,33.035,131.201,-6,3.5
2016/04/16,14:59:06,熊本県熊本地方,32.667,130.751,-7,3
2016/04/16,14:59:38,熊本県阿蘇地方,32.918,131.034,-8,2.5
2016/04/16,15:01:03,大分県中部,33.234,131.334,-8,2.2
2016/04/16,15:01:11,熊本県熊本地方,32.803,130.867,-9,2.5
2016/04/16,15:03:37,熊本県熊本地方,32.868,130.868,-13,2.6
2016/04/16,15:07:23,大分県中部,33.267,131.401,-6,1.9
2016/04/16,15:08:08,熊本県阿蘇地方,32.985,131.101,-10,3
2016/04/16,15:11:02,熊本県阿蘇地方,32.935,131.1,-7,2.4
2016/04/16,15:11:56,大分県中部,33.267,131.352,-7,2.1
2016/04/16,15:15:09,熊本県熊本地方,32.817,130.817,-13,3.6
2016/04/16,15:16:00,大分県中部,33.268,131.351,-5,2.6
2016/04/16,15:16:32,熊本県熊本地方,32.803,130.817,-14,2.7
2016/04/16,15:16:49,熊本県阿蘇地方,33.001,131.217,-7,2.3
2016/04/16,15:19:07,熊本県熊本地方,32.651,130.719,-6,1.8
2016/04/16,15:20:09,熊本県阿蘇地方,32.967,131.018,-9,2.9
2016/04/16,15:21:08,熊本県阿蘇地方,32.968,131.101,-10,2.1
2016/04/16,15:25:47,熊本県熊本地方,32.7,130.783,-9,2.8
2016/04/16,15:28:05,熊本県阿蘇地方,33.118,131.168,-9,3
2016/04/16,15:28:51,熊本県阿蘇地方,32.984,131.1,-8,2.6
2016/04/16,15:29:10,熊本県熊本地方,32.851,130.852,-14,2.5
2016/04/16,15:29:36,熊本県阿蘇地方,32.967,131.019,-9,2.6
2016/04/16,15:34:09,熊本県熊本地方,32.736,130.735,-11,2.3
2016/04/16,15:34:54,熊本県熊本地方,32.652,130.684,-12,3
2016/04/16,15:35:09,大分県中部,33.285,131.368,-9,3.2
2016/04/16,15:38:11,熊本県熊本地方,32.667,130.717,-13,2.2
2016/04/16,15:38:35,熊本県阿蘇地方,32.901,131.069,-7,1.9
2016/04/16,15:38:51,大分県中部,33.283,131.333,-8,3.1
2016/04/16,15:41:43,熊本県阿蘇地方,33.001,131.217,-9,2.9
2016/04/16,15:42:06,熊本県阿蘇地方,32.984,131.1,-8,2.5